USE bsi;

INSERT INTO locations
    (ID_location, latitude, longitude)
VALUES (1, 48.649415, 23.652750),
       (2, 48.629110, 23.599718),
       (3, 48.588710, 23.599718),
       (4, 48.568475, 23.652750),
       (5, 48.588710, 23.705799),
       (6, 48.629110, 23.705799),

       (7, 48.6494150, 23.7587750),
       (8, 48.5684750, 23.758775),
       (9, 48.5887100, 23.811875),
       (10, 48.629110, 23.811875),

       (11, 48.568475, 23.546865),
       (12, 48.528005, 23.546865),
       (13, 48.507775, 23.599718),
       (14, 48.528005, 23.652750),

       (15, 48.507775, 23.705799),
       (16, 48.528005, 23.758775),

       (17, 48.507775, 23.811875),
       (18, 48.528005, 23.864660),
       (19, 48.568475, 23.864660),

       (20, 48.467305, 23.599718),
       (21, 48.447065, 23.652750),
       (22, 48.467305, 23.705799),

       (23, 48.447065, 23.758775),
       (24, 48.467305, 23.811875),

       (25, 48.447065, 23.546865),
       (26, 48.406595, 23.546865),
       (27, 48.386365, 23.599718),
       (28, 48.406595, 23.652750),

       (29, 48.386365, 23.705799),
       (30, 48.406595, 23.758775),

       (31, 48.386365, 23.811875),
       (32, 48.406595, 23.864660),
       (33, 48.447065, 23.864660);

INSERT INTO area
(ID_area, ID_location1, ID_location2, ID_location3, ID_location4, ID_location5, ID_location6)
VALUES (1, 1, 2, 3, 4, 5, 6),
       (2, 7, 6, 5, 8, 9, 10),
       (3, 3, 11, 12, 13, 14, 4),
       (4, 5, 4, 14, 15, 16, 8),
       (5, 9, 8, 16, 17, 18, 19),
       (6, 14, 13, 20, 21, 22, 15),
       (7, 16, 15, 22, 23, 24, 17),
       (8, 20, 25, 26, 27, 28, 21),
       (9, 22, 21, 28, 29, 30, 23),
       (10, 24, 23, 30, 31, 32, 33);

INSERT INTO detection_results
    (location, detection_time)
VALUES (1, '2024-04-01 17:00:00'),
       (2, '2024-04-01 17:01:00'),
       (3, '2024-04-01 17:02:00'),
       (4, '2024-04-01 17:03:00'),
       (5, '2024-04-01 17:04:00'),
       (6, '2024-04-01 17:05:00'),
       (7, '2024-04-01 17:06:00'),
       (8, '2024-04-01 17:07:00'),
       (9, '2024-04-01 17:01:00'),
       (10, '2024-04-01 17:02:00'),
       (11, '2024-04-01 17:03:00'),
       (12, '2024-04-01 17:04:00'),
       (13, '2024-04-01 17:05:00'),
       (14, '2024-04-01 17:06:00'),
       (15, '2024-04-01 17:07:00'),
       (16, '2024-04-01 17:08:00'),
       (17, '2024-04-01 17:08:00'),
       (18, '2024-04-01 17:09:00'),
       (19, '2024-04-01 17:05:00'),
       (20, '2024-04-01 17:03:00');

INSERT INTO detection_results
    (location, detection_time)
VALUES (3, '2024-04-01 17:11:00'),
       (4, '2024-04-01 17:14:00'),
       (5, '2024-04-01 17:13:00'),
       (8, '2024-04-01 17:14:00'),
       (9, '2024-04-01 17:12:00'),
       (11, '2024-04-01 17:15:00'),
       (12, '2024-04-01 17:12:00'),
       (13, '2024-04-01 17:16:00'),
       (14, '2024-04-01 17:12:00'),
       (15, '2024-04-01 17:17:00'),
       (16, '2024-04-01 17:18:00'),
       (17, '2024-04-01 17:12:00'),
       (18, '2024-04-01 17:18:00'),
       (19, '2024-04-01 17:19:00'),
       (20, '2024-04-01 17:11:00'),
       (21, '2024-04-01 17:12:00'),
       (22, '2024-04-01 17:18:00');

INSERT INTO detection_results
    (location, detection_time)
VALUES (4, '2024-04-01 17:20:00'),
       (8, '2024-04-01 17:20:00'),
       (11, '2024-04-01 17:20:00'),
       (12, '2024-04-01 17:20:00'),
       (13, '2024-04-01 17:20:00'),
       (14, '2024-04-01 17:20:00'),
       (15, '2024-04-01 17:20:00'),
       (16, '2024-04-01 17:20:00'),
       (17, '2024-04-01 17:20:00'),
       (18, '2024-04-01 17:20:00'),
       (19, '2024-04-01 17:20:00'),
       (20, '2024-04-01 17:20:00'),
       (21, '2024-04-01 17:20:00'),
       (22, '2024-04-01 17:20:00'),
       (23, '2024-04-01 17:20:00');